<?xml version="1.0"?>
<project name="Adapter Build" default="all" >
	<property name="dirs.base" location=".." />
	<property name="dirs.conf" location="." />
	<property name="dirs.lib" location="${dirs.base}/lib" />
	<property name="dirs.rpm" location="${dirs.base}/pkg" />
	<property name="dirs.build" location="${dirs.rpm}/BUILD" />
	<property name="dirs.deploy" location="${dirs.build}/deploy" />
	<property name="dirs.rpm.common" location="${dirs.conf}/_pak" />
	<property name="dirs.rpm.tree" location="${dirs.rpm}/FILETREE" />
	<property name="dirs.rpm.temp" location=".." />

	<property name="dirs.install.home" location="/usr/lib/vmware-vcops" />
	<property name="dirs.install.target" location="${dirs.install.home}/user/plugins/inbound" />
	<property name="dirs.rpm.prefix" location="${dirs.rpm.tree}${dirs.install.target}" />

	<property name="dirs.rpm.deploycommon" location="${dirs.build}/_pak_staging" />
	<property name="rpm.template.specfile" location="${dirs.rpm.common}/adapter.spec" />
	<property name="dirs.rpmbuild.path" value="rpmbuild" />
	<taskdef resource="net/sf/antcontrib/antlib.xml" classpath="${dirs.lib}/ant-contrib-1.0b3.jar" />

	<!-- Create initial directories -->
	<target name="init" description="Initialize necessary environment for other tasks">
			<!-- temp properties file used for counting easily when we need a counter -->
			<mkdir dir="${dirs.conf}/tmp" />
			<property name="temp.properties.filename" value="${dirs.conf}/tmp/temp.properties" />
			<propertyfile file="${temp.properties.filename}">
 				<entry key="jarcount" type="int" value="0" />
			</propertyfile>
		<loadproperties srcFile="${dirs.conf}/adapter-config.properties" />
		<echo message="ADAPTER_LOCATION ${ADAPTER_LOCATION}" />
		<property name="adapter.name" value="${ADAPTER_NAME}" />
	</target>

	<target name="get.adapter.jar.name" depends="init" description="Get the adapter jar (and folder) name from adapter location folder">
		<for param="file">
      			<fileset dir="${ADAPTER_LOCATION}" includes="*.jar" />
      			<sequential>
 				<propertyfile file="${temp.properties.filename}">
           				<entry key="jarcount" type="int" operation="+" value="1" />
      				 </propertyfile>
 				<basename property="adapter.jar.name" file="@{file}" suffix=".jar"/>
				<echo  message="found jarfile = @{file}" />
      			</sequential>
   	 	</for>
		<loadproperties srcFile="${temp.properties.filename}" />
		<echo message="jarcount=${jarcount}" />
		<delete dir="${dirs.conf}/tmp" />

		<fail unless="adapter.jar.name">
         		Could not retrieve 'Adapter jar name' from ${ADAPTER_LOCATION}.  The adapter jar might be missing from the Adapter Location!
      		</fail>
     		<condition property="numofjars">
      			 <not>
        		 	<equals arg1="${jarcount}" arg2="1"/>
	     		</not>
     		</condition>
   		<fail if="numofjars" message="More than 1 jar file in Adapter Location (count=${jarcount})" />


		<echo message="adapter.jar.name=${adapter.jar.name}" />
		<property name="dirs.adapter" value="${ADAPTER_LOCATION}/${adapter.jar.name}" />
		<property name="build.directory" value="${adapter.jar.name}" />
		<property name="build.jarfile" value="${build.directory}.jar" />
	</target>


	<!-- For RPM generation -->
	<target name="build.stageRpms" depends="get.adapter.jar.name" unless="isWindows">

		<delete dir="${dirs.rpm}" />
		<mkdir dir="${dirs.rpm}/BUILD" />
		<mkdir dir="${dirs.rpm}/RPMS" />
		<mkdir dir="${dirs.rpm}/SOURCES" />
		<mkdir dir="${dirs.rpm}/SPECS" />
		<mkdir dir="${dirs.rpm.tree}" />

		<!-- Snag the major/minor versions from Adapter conf/version.txt -->
		<loadproperties srcFile="${dirs.adapter}/conf/version.txt" />
		<!-- Basic error checking to see if values loaded correctly -->
		<fail unless="Major-Version">
         		Could not find 'Major-Version' in conf/version.txt
      		</fail>
		<fail unless="Minor-Version">
         		Could not find 'Minor-Version' in conf/version.txt
      		</fail>

		<copy todir="${dirs.deploy}" failonerror="false">
			<fileset dir="${ADAPTER_LOCATION}">
				<include name="**" />
			</fileset>
		</copy>
		<loadproperties srcFile="${dirs.deploy}/${adapter.jar.name}/conf/version.txt" />
		<propertyfile file="${dirs.deploy}/${adapter.jar.name}/conf/version.txt" comment="Created by pak file generator tool">
			<entry  key="Major-Version" value="${Major-Version}"/>
			<entry  key="Minor-Version" value="${Minor-Version}"/>
  			<!-- entry  key="Specification-Version" value="${SPEC_NUMBER}"/ -->
			<entry  key="Specification-Version" value="1"/>
  			<entry  key="Implementation-Version" value="${ADAPTER_BUILD_NUMBER}"/>
  			<entry  key="Implementation-Date" type="date" value="now" pattern="yyyy.MM.dd HH:mm:ss"/>
		</propertyfile>
		<echo message="Build Number updated" />


		<copy todir="${dirs.rpm.deploycommon}">
			<fileset dir="${dirs.rpm.common}">
				<include name="**" />
			</fileset>
		</copy>

		<copy file="${dirs.rpm.common}/update/manifest.txt" tofile="${dirs.rpm.deploycommon}/update/manifest.txt" overwrite="true">
			<filterchain>
				<replacetokens>
					<token key="ADAPTER_VERSION" value="${Major-Version}.${Minor-Version}" />
					<token key="BUILD_NUMBER" value="${ADAPTER_BUILD_NUMBER}" />
				</replacetokens>
				<fixcrlf eol="lf" eof="remove" />
			</filterchain>
		</copy>

		<copy file="${rpm.template.specfile}" tofile="${dirs.rpm}/SPECS/adapter.spec">
			<filterchain>
				<replacetokens>
					<token key="BUILD_NUMBER" value="${ADAPTER_BUILD_NUMBER}" />
					<token key="ADAPTER_NAME" value="${adapter.name}" />
					<token key="ADAPTER_VERSION" value="${Major-Version}.${Minor-Version}" />
					<token key="BUILDROOT" value="${dirs.rpm.tree}" />
					<token key="ADAPTER_DIRECTORY" value="${build.directory}" />
					<token key="INSTALL_HOME" value="${dirs.install.home}" />

				</replacetokens>
				<fixcrlf eol="lf" eof="remove" />
			</filterchain>
		</copy>
		<!-- copy over adapter deliverables -->
		<copy todir="${dirs.rpm.prefix}">
			<fileset dir="${dirs.deploy}">
				<include name="**/${build.directory}/**" />
				<include name="**/${build.jarfile}" />
			</fileset>
		</copy>
	</target>

	<target name="build.rpm" depends="build.stageRpms" unless="isWindows">
		<echo message="Building RPM ..." />
		<exec executable="${dirs.rpmbuild.path}" failonerror="true">
			<arg value="--quiet" />
			<arg value="-bb" />
			<arg value="--define" />
			<arg value="_topdir ${dirs.rpm}" />
			<arg value="--define" />
			<arg value="_tmppath ${dirs.rpm.temp}" />
			<!-- FIXME: is this wise? -->
			<arg value="--define" />
			<arg value="__find_requires %{nil}" />
			<!-- So that we don't claim to be the source for tomcat binaries, etc.: -->
			<arg value="--define" />
			<arg value="__find_provides %{nil}" />
			<arg value="--target" />
			<arg value="x86_64-linux" />
			<arg value="${dirs.rpm}/SPECS/adapter.spec" />
		</exec>
		<echo message="RPM Build done." />
	</target>

	<target name="build.pak" depends="build.rpm" unless="isWindows">

		<zip destfile="${dirs.base}/temp.zip">
			<zipfileset dir="${dirs.rpm.deploycommon}/update">
				<include name="**/*" />
			</zipfileset>
			<zipfileset dir="${dirs.rpm}/RPMS/x86_64">
				<include name="**/*" />
			</zipfileset>
			<zipfileset dir="${dirs.conf}">
				<include name="eula.txt" />
				<include name="scripts/*" />
			</zipfileset>

		</zip>
		<move file="${dirs.base}/temp.zip" tofile="${dirs.base}/${adapter.name}-${ADAPTER_BUILD_NUMBER}.pak" />
		<echo message="PAK file created." />

	</target>



	<target name="PRODBUILD" depends="init,build.rpm" description="Complete ${ant.project.name} and deployment" />
	<target name="all" depends="init,build.rpm" />

</project>
